{
  "project_info": {
    "project_number": "407548566265",
    "project_id": "marcola-teste-vocacionais",
    "storage_bucket": "marcola-teste-vocacionais.appspot.com"
  },
  "client": [
    {
      "client_info": {
        "mobilesdk_app_id": "1:407548566265:android:ff5be5f13f2b15bbfb2028",
        "android_client_info": {
          "package_name": "com.example.marcolatestesvocacionais"
        }
      },
      "oauth_client": [
        {
          "client_id": "407548566265-gtbevab7n3kijbrcmmeh7nk6b0muu3is.apps.googleusercontent.com",
          "client_type": 3
        }
      ],
      "api_key": [
        {
          "current_key": "AIzaSyBs9aDqg8eOoOnaNrGKiK75HoCe1KzX6js"
        }
      ],
      "services": {
        "appinvite_service": {
          "other_platform_oauth_client": [
            {
              "client_id": "407548566265-gtbevab7n3kijbrcmmeh7nk6b0muu3is.apps.googleusercontent.com",
              "client_type": 3
            }
          ]
        }
      }
    }
  ],
  "configuration_version": "1"
}