{
  "project_info": {
    "project_number": "793794817545",
    "firebase_url": "https://urna-6d595-default-rtdb.firebaseio.com",
    "project_id": "urna-6d595",
    "storage_bucket": "urna-6d595.appspot.com"
  },
  "client": [
    {
      "client_info": {
        "mobilesdk_app_id": "1:793794817545:android:924b0eec0870d30e1292d8",
        "android_client_info": {
          "package_name": "com.example.urnaeletronica"
        }
      },
      "oauth_client": [
        {
          "client_id": "793794817545-s6vcgrn6uknf3h3cpia9vuct3bou9fb9.apps.googleusercontent.com",
          "client_type": 3
        }
      ],
      "api_key": [
        {
          "current_key": "AIzaSyBt6dtNfSBGjN7urzNfTYxrIQkA3AQfA6Q"
        }
      ],
      "services": {
        "appinvite_service": {
          "other_platform_oauth_client": [
            {
              "client_id": "793794817545-s6vcgrn6uknf3h3cpia9vuct3bou9fb9.apps.googleusercontent.com",
              "client_type": 3
            }
          ]
        }
      }
    }
  ],
  "configuration_version": "1"
}